{"accuracy": [0.593441903591156, 0.851867139339447, 0.9068354964256287, 0.9320862293243408, 0.9491286873817444, 0.9580197930335999, 0.9672096371650696, 0.9726865291595459, 0.9763709902763367, 0.9793299436569214], "loss": [1.380558729171753, 0.46555665135383606, 0.2894650995731354, 0.20571942627429962, 0.1544341742992401, 0.12761016190052032, 0.099001944065094, 0.0834125280380249, 0.06995271146297455, 0.06458006054162979], "val_accuracy": [0.8341110944747925, 0.8829387426376343, 0.9371727705001831, 0.9360914826393127, 0.9499772191047668, 0.9641475081443787, 0.9544730186462402, 0.9670498371124268, 0.9679604172706604, 0.9660823941230774], "val_loss": [0.5165643692016602, 0.3607587516307831, 0.19734755158424377, 0.19868847727775574, 0.152784526348114, 0.11956144124269485, 0.1450991928577423, 0.10729890316724777, 0.11015715450048447, 0.12974762916564941]}